{
    "display": {
        "title": {
            "text": "Ultimate Speed",
            "color": "light_purple"
        },
        "description": {
            "text": "High Level of Speed",
            "color": "gold"
        },
        "icon": {
            "item": "minecraft:golden_sword"
        },
        "frame": "task",
        "show_toast": false,
        "announce_to_chat": false,
        "hidden": false
    },
    "criteria": {
        "recipe": {
            "trigger": "minecraft:recipe_unlocked",
            "conditions": {
                "recipe": "minecraft:aoo_golden_sword_recipe"
            }
        }
    },
    "rewards": {
        "function": "neowps:give_aoo_golden_sword"
    }
    
}