{
    "display": {
        "title": {
            "text": "Ultimate Warrior",
            "color": "dark_red"
        },
        "description": {
            "text": "High Level of State",
            "color": "gold"
        },
        "icon": {
            "item": "minecraft:diamond_sword"
        },
        "frame": "task",
        "show_toast": false,
        "announce_to_chat": false,
        "hidden": false
    },
    "criteria": {
        "recipe": {
            "trigger": "minecraft:recipe_unlocked",
            "conditions": {
                "recipe": "minecraft:aoo_diamond_sword_recipe"
            }
        }
    },
    "rewards": {
        "function": "neowps:give_aoo_diamond_sword"
    }
}