{
    "display": {
        "title": {
            "text": "Ultimate Defender",
            "color": "blue"
        },
        "description": {
            "text": "High Level of Resistance",
            "color": "gold"
        },
        "icon": {
            "item": "minecraft:iron_sword"
        },
        "frame": "task",
        "show_toast": false,
        "announce_to_chat": false,
        "hidden": false
    },
    "criteria": {
        "recipe": {
            "trigger": "minecraft:recipe_unlocked",
            "conditions": {
                "recipe": "minecraft:aoo_iron_sword_recipe"
            }
        }
    },
    "rewards": {
        "function": "neowps:give_aoo_iron_sword"
    }
}