{
    "display": {
        "title": {
            "text": "Not Just For Sale!!"
        },
        "description": {
            "text": "finally! Emerald Not Just For Sale!"
        },
        "icon": {
            "item": "minecraft:emerald"
        },
        "frame": "task",
        "show_toast": false,
        "announce_to_chat": false,
        "hidden": false
    },
    "criteria": {
        "c1": {
            "trigger": "minecraft:recipe_unlocked",
            "conditions": {
                "recipe": "minecraft:emerald_sword_recipe"
            }
        }
    },
    "rewards": {
        "function": "neowps:give_emerald_sword"
    }
}