{
    "display": {
        "title": {
            "text": "The Chosen One",
            "color": "gold",
            "bold": true
        },
        "description": {
            "text": "Excaliaoo Sword",
            "color": "green"
        },
        "icon": {
            "item": "minecraft:beacon"
        },
        "frame": "task",
        "show_toast": false,
        "announce_to_chat": false,
        "hidden": false
    },
    "criteria": {
        "c1": {
            "trigger": "minecraft:recipe_unlocked",
            "conditions": {
                "recipe": "minecraft:excaliaoo_sword_recipe"
            }
        }
    },
    "rewards": {
        "function": "neowps:give_excaliaoo_sword"
    }
}