{
    "display": {
        "title": {
            "text": "Lapis Lazuli",
            "color": "dark_blue",
            "bold": true
        },
        "description": {
            "text": "create lapis equipment",
            "color": "gold",
            "bold": false
        },
        "icon": {
            "item": "minecraft:lapis_lazuli"
        },
        "frame": "task",
        "show_toast": false,
        "announce_to_chat": false,
        "hidden": false
    },
    "criteria": {
        "c1": {
            "trigger": "minecraft:recipe_unlocked",
            "conditions": {
                "recipe": "minecraft:lapis_axe_recipe"
            }
        }
    },
    "rewards": {
        "function": "neowps:give_lapis_axe"
    }
}