{
    "display": {
        "title": {
            "text": "Datapack!",
            "color": "dark_green"
        },
        "description": {
            "text": "datapack is here!",
            "color": "gold"
        },
        "icon": {
            "item": "minecraft:enchanted_book"
        },
        "frame": "task",
        "show_toast": true,
        "announce_to_chat": true,
        "hidden": false,
        "background": "minecraft:textures/block/cracked_deepslate_bricks.png"
    },
    "criteria": {
        "Start": {
            "trigger": "minecraft:inventory_changed",
            "conditions": {
                "items": [
                    {
                        "item": "minecraft:crafting_table",
                        "count": {
                            "min": 1,
                            "max": 64
                        }
                    }
                ]
            }
        }
    }
}